{"cameraMode":{"drawMode":0,"name":"Shaded","section":"Shading Mode"},"sceneLighting":true,"audioPlay":false,"sceneViewState":{"m_AlwaysRefresh":false,"showFog":true,"showSkybox":true,"showFlares":true,"showImageEffects":true,"showParticleSystems":true,"showVisualEffectGraphs":true,"m_FxEnabled":true},"in2DMode":false,"pivot":{"x":-3.3846869468688967,"y":2.040113925933838,"z":1.460399866104126},"rotation":{"x":0.07003643363714218,"y":0.7645094990730286,"z":-0.08428917080163956,"w":0.6352307200431824},"size":2.7237653732299806,"orthographic":true}